Price,Close,High,Low,Open,Volume
Ticker,AAPL,AAPL,AAPL,AAPL,AAPL
Date,,,,,
2022-12-27,128.6768341064453,130.04247788894776,127.38046911290927,130.01279129367578,69007800
2022-12-28,124.7283706665039,129.66644031626882,124.56014157673225,128.3205924980965,85438400
2022-12-29,128.26119995117188,129.1221413689379,126.4007670949665,126.65805594050661,75703700
2022-12-30,128.57786560058594,128.5976616969525,126.10388960466396,127.07369447666422,77034200
2023-01-03,123.76846313476562,129.53778770648333,122.87782744316272,128.92424454671203,112117500
2023-01-04,125.04503631591797,127.32110440506466,123.77835783326215,125.56951966733021,89113600
2023-01-05,123.71897888183594,126.44036106917035,123.46169000194207,125.80702181866339,80962700
2023-01-06,128.27110290527344,128.93412872931725,123.59032994150238,124.6986773645302,87754700
2023-01-09,128.79559326171875,132.02167786788954,128.53830437717716,129.1122704426922,70790800
2023-01-10,129.3695526123047,129.89403595356941,126.78671300154889,128.90444246439094,63896200
2023-01-11,132.10086059570312,132.12064159652607,129.10239307095992,129.88416540348345,69458900
2023-01-12,132.0216827392578,132.862828219757,130.0721821844543,132.48679292847487,71379600
2023-01-13,133.35763549804688,133.51597410683075,130.28990422786376,130.65604904817573,57809700
2023-01-17,134.52532958984375,135.86127162359787,132.7341679468124,133.42688030875863,63646600
2023-01-18,133.80294799804688,137.16755996413974,133.62481331043077,135.39619418728472,69672800
2023-01-19,133.8623046875,134.8321020004952,132.37791457373308,132.6846861145787,58280400
2023-01-20,136.43527221679688,136.5837203248667,132.82326142044332,133.87222827746652,80223600
2023-01-23,139.6415252685547,141.82853332640542,136.4649238107709,136.68263556675592,81760300
2023-01-24,141.0467529296875,141.67020163390134,138.83996376873685,138.8498542672173,66435100
2023-01-25,140.38372802734375,140.94778844428123,137.36546497180777,139.4238211686979,65799300
2023-01-26,142.46188354492188,142.748859009156,140.42330829899026,141.6800962423563,54105100
2023-01-27,144.41139221191406,145.69786696012557,141.5910594062202,141.6702287091871,70555800
2023-01-30,141.51187133789062,144.03533779783174,141.36343835201114,143.45148125337437,64015300
2023-01-31,142.7884521484375,142.8379348478305,140.7993744728372,141.21500196773877,65874500
2023-02-01,143.91659545898438,145.08432380327815,139.84938010470844,142.4717972041809,77663600
2023-02-02,149.25048828125,149.6067274198631,146.62805663314577,147.35045560866243,118339000
2023-02-03,152.89219665527344,155.74223078414798,146.29160978319123,146.4895254643634,154357300
2023-02-06,150.15103149414062,151.5067849832526,149.21092060169065,150.98230158746472,69858300
2023-02-07,153.04063415527344,153.61460021760152,149.072369515728,149.072369515728,83322600
2023-02-08,150.33905029296875,152.97137275977542,149.5968551305232,152.2786602948261,64120100
2023-02-09,149.2999725341797,152.7239728262669,148.8546584612201,152.17969335931676,56007100
2023-02-10,149.66668701171875,149.99375331566142,147.89261658821053,148.1304871155474,57450700
2023-02-13,152.48143005371094,152.88777139634084,149.5774860679603,149.6072179924685,62199000
2023-02-14,151.83718872070312,152.40212547908195,149.51800808989614,150.76679417039543,61707600
2023-02-15,153.94825744628906,154.11674338956908,151.52005454611242,151.74800433724963,65573800
2023-02-16,152.34266662597656,154.93935535973205,151.985868430853,152.14443364408874,68167900
2023-02-17,151.1929931640625,151.63898716051196,149.50811855355659,150.99477529042434,59144100
2023-02-21,147.15919494628906,149.95411695272674,147.08982549385345,148.8638959311259,58867200
2023-02-22,147.58535766601562,148.61609957273427,145.85092499148843,147.54570502168832,51011300
2023-02-23,148.07098388671875,149.00262439569616,145.93020998357426,148.75484830811928,48394200
2023-02-24,145.40492248535156,145.88064832791278,144.4237237572079,145.80135816697728,55469600
2023-02-27,146.60415649414062,147.84303695578296,146.13833623071892,146.39603304549414,44998500
2023-02-28,146.09869384765625,147.75383627455793,145.5238515178197,145.74189568165605,50547000
2023-03-01,144.0173797607422,145.92029841797654,143.72004541238144,145.52386270219765,55479000
2023-03-02,144.612060546875,145.40494716777042,142.61993083245534,143.09567187882521,52238100
2023-03-03,149.68649291992188,149.76578308488604,146.01940974788184,146.72308538697828,70732300
2023-03-06,152.4615936279297,154.90962273726373,152.09488983458962,152.42194098250997,87558000
2023-03-07,150.2514190673828,152.6597952755617,149.78559883301008,152.33272903931797,56182000
2023-03-08,151.5101318359375,152.104800552819,150.47938986613707,151.4506679888601,47204800
2023-03-09,149.2504119873047,153.16527144816123,148.89361378877035,152.1939933444496,53833600
2023-03-10,147.1790008544922,149.59729796835543,146.2969185586702,148.87379600332346,68572400
2023-03-13,149.13150024414062,151.77774753166398,146.38613645412596,146.49515855764437,84457100
2023-03-14,151.2326202392578,152.03541240200406,148.76477990534212,149.9342758651321,73695900
2023-03-15,151.62908935546875,151.8867710921409,148.58639115184846,149.8450981548978,77167900
2023-03-16,154.46363830566406,155.06821263966182,150.29108181642482,150.80646037730506,76161100
2023-03-17,153.62120056152344,155.34572787019124,152.90760409745778,154.69159525762194,98944600
2023-03-20,155.99984741210938,156.41612462417007,152.77875768053804,153.69058715899433,73641400
2023-03-21,157.8631134033203,157.98204109629864,155.14748180357108,155.9205571770909,73938300
2023-03-22,156.426025390625,160.6976833752444,156.40619906612653,157.88295021864405,75701800
2023-03-23,157.51622009277344,160.11292398786247,156.2773395529773,157.41711872342182,67622100
2023-03-24,158.82447814941406,158.9136739147859,156.44583366784832,157.44684365525544,59196500
2023-03-27,156.8720245361328,159.3398802717359,156.46566804738902,158.51726169320153,52390300
2023-03-28,156.2476043701172,157.0801435690118,154.59246181824673,156.56476504075383,45992200
2023-03-29,159.33987426757812,159.6173823169816,157.9325076961592,157.95231889750627,51305700
2023-03-30,160.91571044921875,161.0247325377752,159.83541028637475,160.09309198521143,49501700
2023-03-31,163.43312072753906,163.53223722356282,160.46972804690907,160.99501220511618,68749800
2023-04-03,164.6918182373047,164.81074592730272,162.75916765957112,162.80872590475465,56976200
2023-04-04,164.15664672851562,165.35587473056947,163.64126814290196,165.11801932417455,46278300
2023-04-05,162.3032684326172,163.58180171406576,160.36071207007467,163.27456173694304,51511700
2023-04-06,163.19528198242188,163.4926163777719,160.55894019900367,160.98510790466275,45390100
2023-04-10,160.58865356445312,160.58865356445312,158.65600290264854,159.98407924224205,47716900
2023-04-11,159.36961364746094,160.91573431590425,159.08218486088444,160.90582871476735,47644200
2023-04-12,158.67581176757812,160.61836781589554,158.3586511179455,159.78584379518807,50133100
2023-04-13,164.08724975585938,164.32512026733755,159.98407795194623,160.19221653987137,68445600
2023-04-14,163.74037170410156,164.84049824090104,162.36273713306923,163.1258766656828,49386500
2023-04-17,163.7601776123047,163.91875794761413,162.57085534359018,163.62142359967223,41516200
2023-04-18,164.98915100097656,165.92079155848967,164.17643813231942,164.62244721163532,49923000
2023-04-19,166.13885498046875,166.66413916449648,164.06743504696098,164.32513190006836,47720200
2023-04-20,165.16754150390625,166.37669007657564,164.08724134206236,164.61252546197005,52456400
2023-04-21,163.5520782470703,164.9693505046565,163.02679404165184,163.5818101739389,58337300
2023-04-24,163.8592987060547,164.12690113902568,162.43210589428088,163.5322324264354,41949600
2023-04-25,162.3131866455078,164.83058539726287,162.2735339969769,163.72055320726747,48714100
2023-04-26,162.3032684326172,163.80975151595447,161.3518165759181,161.6094983031377,45498800
2023-04-27,166.91192626953125,167.06058590759594,163.72056830592638,163.72056830592638,64902300
2023-04-28,168.1705780029297,168.33907904986796,166.386602280346,166.9911765357267,55209200
2023-05-01,168.08140563964844,168.93375609993646,167.13985940542491,167.77416566961222,52472900
2023-05-02,167.0407257080078,168.83463734085763,166.04962132707658,168.57694052306178,48425700
2023-05-03,165.96044921875,169.39958312064851,165.67303556145444,167.99221651388285,65136000
2023-05-04,164.31520080566406,165.5540813733989,162.84837044792107,163.42321284611648,81235400
2023-05-05,172.0260009765625,172.74950296676494,169.24098486047572,169.45902904213452,113316400
2023-05-08,171.9566192626953,172.30351186374347,170.57898470464832,170.94568850577377,55962800
2023-05-09,170.24200439453125,171.99624826685388,170.0735184638984,171.5106167971042,45326900
2023-05-10,172.01609802246094,172.4819183565725,170.37086089019692,171.48090823595766,53724500
2023-05-11,172.2044219970703,173.03694622064506,170.63847493479068,172.303538504996,49514700
2023-05-12,171.271484375,172.7502630057861,169.71329075220336,172.31357141356355,45497800
2023-05-15,170.7752227783203,171.9066439525377,170.17973157337624,171.85701716146394,37266700
2023-05-16,170.7752227783203,171.83716341624037,170.50725022169846,170.69582294139641,42110300
2023-05-17,171.3905792236328,171.62876362745493,169.13765582565435,170.41795757208934,57951600
2023-05-18,173.73280334472656,173.92137607373184,171.28138815560044,171.6982259620468,65496700
2023-05-19,173.8419647216797,175.0627050128659,173.62361895981286,175.0627050128659,55772400
2023-05-22,172.88922119140625,173.39539336547992,172.1448646003319,172.67087537983988,43570900
2023-05-23,170.26907348632812,172.07538594402806,169.99118159190851,171.8272670994411,50747300
2023-05-24,170.5469512939453,171.1225887831174,169.2368917775998,169.80259482166662,45143500
2023-05-25,171.68832397460938,172.5914650743336,170.39810293275275,171.11268642842802,56058300
2023-05-26,174.10995483398438,174.4474079846001,171.80741974539387,172.0158462459514,54835000
2023-05-30,175.96588134765625,177.64316710040904,175.24137858755796,175.62844336557998,55964400
2023-05-31,175.916259765625,178.00046410534546,175.4299413812976,175.99565961269718,99625300
2023-06-01,178.73487854003906,178.76465158842046,175.59865286277548,176.3628631071657,68901800
2023-06-02,179.58839416503906,180.41215044305542,177.91110856290692,179.66779400262783,61945900
2023-06-05,178.2287139892578,183.55830143833987,176.70029356551757,181.25576664565278,121946500
2023-06-06,177.86151123046875,178.76465227479207,176.09489120388227,178.61578703231345,64848400
2023-06-07,176.48196411132812,179.84645475343302,175.9857264641506,177.0972939477575,61944600
2023-06-08,179.21128845214844,179.4792459038042,176.1246893833045,176.5613658339937,50214900
2023-06-09,179.59835815429688,180.85879103044124,179.27083944935424,180.13428821622014,48870700
2023-06-12,182.40704345703125,182.50629705263665,179.60827075983389,179.90601640267764,54274900
2023-06-13,181.93064880371094,182.7643244394129,181.06720011987474,181.42449184145724,54929100
2023-06-14,182.5658416748047,183.00253326157815,180.6503714756975,181.9902041416917,57462900
2023-06-15,184.61033630371094,185.1165084295681,182.39712049072034,182.57577393042644,65433200
2023-06-16,183.52853393554688,185.58296511233405,182.88343103661734,185.32491183758503,101235600
2023-06-20,183.61785888671875,184.69966852666565,183.0223827636369,183.0223827636369,49799100
2023-06-21,182.57577514648438,184.014861399602,181.21607359601802,183.50868927037342,49515700
2023-06-22,185.5928955078125,185.64252230545932,182.28795068496888,182.35743123046893,51245300
2023-06-23,185.27528381347656,186.14866693334577,183.61785186115858,184.1537970097952,53079300
2023-06-26,183.8759002685547,186.6349803489813,183.83619277653602,185.42415928991971,48088700
2023-06-27,186.6448974609375,186.9724161183805,184.27288216367234,184.491227935301,50730800
2023-06-28,187.82595825195312,188.47106116590345,186.18837999717346,186.5158835329519,51216800
2023-06-29,188.16339111328125,188.63979016757608,187.51828821688443,187.6572341550609,46347300
2023-06-30,192.5104522705078,193.01660926668555,189.82083730500045,190.18806349655458,85069600
2023-07-03,191.01181030273438,192.42112346606635,190.31706545063716,192.32186987463191,31458200
2023-07-05,189.8903045654297,191.5278827838796,189.18564042572623,190.12850409377413,46920300
2023-07-06,190.36668395996094,190.57511043531196,187.77632283358471,188.4115064167895,45094300
2023-07-07,189.2451934814453,191.2202248903426,188.80851704604538,189.9697113944817,46778000
2023-07-10,187.19078063964844,188.56040149996468,185.63258703549474,187.83588357427638,59922200
2023-07-11,186.66476440429688,187.8755855347649,185.19590513637428,187.73663959244752,46638100
2023-07-12,188.342041015625,190.2575110663078,187.05182010303508,188.25270672963643,60750200
2023-07-13,189.1062469482422,189.75136501356704,188.35197113238655,189.06655459750118,41342300
2023-07-14,189.25514221191406,189.74144548057956,188.20312067891533,188.7985968506641,41573900
2023-07-17,192.53028869628906,192.85780736222108,190.3666846697001,190.45600381205304,50520200
2023-07-18,192.27224731445312,192.8677385882339,190.97210701546965,191.89511697543264,48353800
2023-07-19,193.6319580078125,196.73839573453523,191.20038114492507,191.64700719335607,80507300
2023-07-20,191.67677307128906,194.99163717283173,191.05150874206208,193.6220163160383,59581200
2023-07-21,190.4957275390625,193.50292673966078,189.79106335340356,192.6394780020551,71917800
2023-07-24,191.29959106445312,193.4433410891444,190.80335347414325,191.95462831821482,45377800
2023-07-25,192.1630859375,192.9769230508511,191.46835617242775,191.8752747291033,37283200
2023-07-26,193.03643798828125,194.16785917844345,191.86532445108293,192.21268170555348,47471900
2023-07-27,191.76609802246094,195.71614587462116,191.1011413216581,194.54503217158796,47460200
2023-07-28,194.35646057128906,195.15044392487152,192.679174712139,193.20518546579316,48291400
2023-07-31,194.97177124023438,195.01147873318087,193.79072320060368,194.58470647584855,38824100
2023-08-01,194.13809204101562,195.24965951950642,193.81057337810935,194.76335631965225,35175100
2023-08-02,191.1309051513672,193.71133198080406,190.40640238454526,193.57238603724957,50389300
2023-08-03,189.73150634765625,190.92247371064892,189.2551224312535,190.1285055646349,61235200
2023-08-04,180.62060546875,185.97004732736383,180.5511249208849,184.12404245746146,115799700
2023-08-07,177.50424194335938,181.75203569740535,176.01552875449354,180.75956023816144,97576100
2023-08-08,178.4470672607422,178.91353187709316,176.2437708178845,178.33789436874574,67823000
2023-08-09,176.84918212890625,179.568554851008,175.67805336031552,179.50900875402357,60378500
2023-08-10,176.63082885742188,179.38990895654987,176.26361784560095,178.12946109590703,54686900
2023-08-11,176.6904754638672,177.5153442624666,175.458153778981,176.2233960656567,51988100
2023-08-14,178.35015869140625,178.57873203906215,176.2134459995229,176.86936795132465,43675600
2023-08-15,176.35255432128906,178.36999853743362,175.9550341940922,177.77371834663836,43622600
2023-08-16,175.47804260253906,177.43584554874613,175.4084682257357,176.0345769592704,46964900
2023-08-17,172.92391967773438,176.4122070810067,172.40713130392336,176.04450015039933,66062900
2023-08-18,173.41090393066406,174.01713210367805,170.89655146662832,171.23444515927903,61114200
2023-08-21,174.7525177001953,175.0407326935708,172.66551420323125,173.98729066685254,46311900
2023-08-22,176.13392639160156,176.58114035802282,175.15999139470742,175.96497956715007,42084200
2023-08-23,179.99986267089844,180.42721123128223,177.22712403410847,177.41595140978353,52722800
2023-08-24,175.28919982910156,179.98001065949663,174.92147774645116,179.55266206734146,54945800
2023-08-25,177.5054168701172,178.04207065789234,174.73267783183553,176.2830278458789,51449600
2023-08-28,179.07562255859375,179.4731427043403,177.4457656979585,178.97623493994635,43820700
2023-08-29,182.98130798339844,183.75648287285222,178.38988515133815,178.5886452216866,53003900
2023-08-30,186.48947143554688,186.68824666593932,183.5974798721571,183.79623993812856,60813900
2023-08-31,186.7081298828125,187.95039936926207,186.3205424096171,186.6783166282915,60794500
2023-09-01,188.28829956054688,188.7454462185212,187.1155893336136,188.31811281370076,45732600
2023-09-05,188.5268096923828,188.8050768374951,186.44973880050088,187.11559340947835,45280000
2023-09-06,181.77880859375,187.68207547486304,180.34771175415628,187.23484633917346,81755800
2023-09-07,176.46188354492188,177.10787273977496,172.46674085776903,174.0965977246818,112488800
2023-09-08,177.0780487060547,179.12532149203676,176.6904612453168,177.24701069547294,65551300
2023-09-11,178.25074768066406,179.18493667169957,176.24323613595504,178.9563633540274,58953100
2023-09-12,175.20968627929688,179.0160016942275,173.73884349638047,178.37996034233754,90370200
2023-09-13,173.1326141357422,176.20350055461225,172.9040256402011,175.41837777577814,84267900
2023-09-14,174.6531524658203,175.0109266750055,172.5065072107091,172.92390792735483,60895800
2023-09-15,173.9276580810547,175.40844874494908,172.74503028655468,175.38856818743835,109205100
2023-09-18,176.86935424804688,178.27063780985006,175.08048322919404,175.38856362269223,67257600
2023-09-19,177.96255493164062,178.51908920430856,176.034550369597,176.42213782123514,51826900
2023-09-20,174.4047088623047,178.58866413640885,174.31525393141538,178.15138283667608,58436200
2023-09-21,172.85433959960938,175.20969287756472,172.78478039328195,173.47051558188582,63047900
2023-09-22,173.70901489257812,175.98486101486026,172.97360108411723,173.58976187810813,56725400
2023-09-25,174.9910430908203,175.87553831983675,173.07297120229282,173.12266501245767,46172700
2023-09-26,170.89654541015625,174.1164984027068,170.59839768303257,173.73885876847856,64588900
2023-09-27,169.3759765625,171.9698357492923,168.00452141810098,171.5524350388733,66921800
2023-09-28,169.63436889648438,170.96607801740788,166.58334805459177,168.2927119154032,56294400
2023-09-29,170.15115356445312,171.9996509482002,169.28652379235777,170.95614167013932,51814200
2023-10-02,172.67547607421875,173.22207773640324,169.8729085505223,170.16112359259412,52164500
2023-10-03,171.3337860107422,172.55618999324432,169.76357086656446,171.19465244741932,49594600
2023-10-04,172.58599853515625,173.13260007772962,169.9126324887325,170.03188549277738,53020300
2023-10-05,173.82827758789062,174.3649313004983,171.61205804275627,172.7151938850701,48527900
2023-10-06,176.39231872558594,176.88922647606876,172.10896117831024,172.72513710071527,57224100
2023-10-09,177.883056640625,177.94268314929081,174.7127825048992,175.71653078442577,42390800
2023-10-10,177.28675842285156,178.60853494693302,176.84947714698436,176.99855858071479,43698000
2023-10-11,178.6880340576172,178.7377278666485,176.50164294003199,177.09792315514355,47551100
2023-10-12,179.59242248535156,181.21233159015208,177.9327371003315,178.95638111240146,56743100
2023-10-13,177.74392700195312,180.80486572035005,177.03831125012886,180.29802522104373,51427100
2023-10-16,177.61471557617188,177.97248977927228,175.41837654739012,175.65689773759766,52517000
2023-10-17,176.05442810058594,177.31657816311466,173.71897053093056,175.55752029881808,57549400
2023-10-18,174.7525177001953,176.48176216718392,174.027036615376,174.4941311237392,54764400
2023-10-19,174.3748779296875,176.74014855708347,174.10654349306773,174.9512775869872,59302900
2023-10-20,171.81085205078125,174.33513709455804,171.57233083888437,174.22581676799155,64189300
2023-10-23,171.93008422851562,172.93383244025344,168.87906331617407,169.85301344001374,55980100
2023-10-24,172.3673553466797,172.59592865582925,170.38965712738948,171.9797679248954,43816600
2023-10-25,170.04185485839844,171.98972493811345,169.59462570782657,170.81702981156988,57157000
2023-10-26,165.8578643798828,170.3201013316095,164.64540828457035,169.3163379944291,70625300
2023-10-27,167.1796417236328,167.9150706400693,165.79823880916834,165.87774586751993,58499100
2023-10-30,169.2368621826172,170.11142481661958,167.82564576420103,167.97472721195518,51131000
2023-10-31,169.71389770507812,169.84308342389463,166.86163656333878,168.30268134414578,44846000
2023-11-01,172.8940887451172,173.15247532339345,169.0678928937645,169.94245541165574,56934900
2023-11-02,176.47183227539062,176.68052504619254,174.37488088465793,174.43450739060134,77334800
2023-11-03,175.55752563476562,175.7264876371941,172.27794617495533,173.16244148240884,79763700
2023-11-06,178.12156677246094,178.3203268607263,175.12025456148152,175.28920139472822,63841300
2023-11-07,180.695556640625,181.31171744967662,177.8631761623555,178.07186894277902,70530000
2023-11-08,181.75892639160156,182.31546067653568,180.466963136192,181.22227266382137,49340300
2023-11-09,181.2819061279297,182.98132230147056,180.6856107058037,181.82850773747478,53763500
2023-11-10,185.49127197265625,185.66045656490678,182.63526841968368,183.07312579736603,66133400
2023-11-13,183.89907836914062,185.12307770332387,183.31195834215197,184.91410998461964,43627500
2023-11-14,186.5261993408203,187.1929311504176,185.3917576494399,186.78492632853875,60108400
2023-11-15,187.09341430664062,188.5761557735661,186.86453984677962,186.93420587357204,53790500
2023-11-16,188.78514099121094,190.02904704723116,187.73029590080972,188.64582412031268,54412900
2023-11-17,188.76524353027344,189.45188213648447,187.65070850825023,189.32251104128505,50922700
2023-11-20,190.5166473388672,190.97441144582112,188.9543092379418,188.96425501994514,46505100
2023-11-21,189.71060180664062,190.586316538311,188.8149955106325,190.47685219685218,38134500
2023-11-22,190.3773193359375,191.98941662140743,189.89966369290923,190.55644969232256,39617700
2023-11-24,189.0438690185547,189.96932784078396,188.3273779116158,189.93947531002817,24048300
2023-11-27,188.86474609375,189.74046085550287,187.9790855494866,188.994117188391,40552600
2023-11-28,189.47177124023438,190.14846405510127,188.47664635938358,188.85479867311508,38415400
2023-11-29,188.44679260253906,191.15353347560767,188.04874872654685,189.96933244559008,43014200
2023-11-30,189.0239715576172,189.39217809569718,187.27255720148867,188.9145072113341,48794400
2023-12-01,190.30767822265625,190.6261102728152,188.3074675935333,189.40211098182942,45679300
2023-12-04,188.50650024414062,189.12348800008925,186.53615721754525,189.05382196941733,43389500
2023-12-05,192.47703552246094,193.45225356737393,189.25282572872496,189.28269344214408,66628400
2023-12-06,191.38241577148438,193.81050761672594,191.17343287476277,193.50202134703213,41089700
2023-12-07,193.32290649414062,194.0493433741143,192.64621370853777,192.68602720531442,47477700
2023-12-08,194.75587463378906,195.0345083535154,192.72581160789824,193.25322651912307,53377300
2023-12-11,192.23822021484375,192.54672168765146,190.48680586341095,192.1685693679781,60943700
2023-12-12,193.76077270507812,193.77071848752672,190.7853438376791,192.13871428631938,52696900
2023-12-13,196.9949188232422,197.03471713546693,193.90007998207173,194.13890022421998,70404200
2023-12-14,197.14418029785156,198.64681332186495,195.20368991997998,197.05462270758053,66831600
2023-12-15,196.60682678222656,197.4327670575499,196.0395983209077,196.5670132843794,128256700
2023-12-18,194.93499755859375,195.6713953811102,193.44231035021684,195.13401948283078,55751900
2023-12-19,195.97988891601562,195.98983469805682,194.9350047944863,195.20369275359957,40714100
2023-12-20,193.88018798828125,196.71628487042167,193.88018798828125,195.94008865557052,52242800
2023-12-21,193.7308807373047,196.11918926884985,192.55664081053737,195.14397125694492,46482500
2023-12-22,192.6561737060547,194.45734722393942,192.02924020237552,194.22845757962483,37122800
2023-12-26,192.1088409423828,192.94474210952626,191.88991227702633,192.66610838714513,28919300
2023-12-27,192.2083740234375,192.55667382245832,190.15841909855277,191.55160311023462,48087700
2023-12-28,192.6362762451172,193.71101293849657,192.22827139973785,193.1935437488545,34049900
2023-12-29,191.5913848876953,193.452263485871,190.7952819760843,192.9547010641641,42628800
2024-01-02,184.7349853515625,187.52133810124718,182.9935167810597,186.23761848029775,82488700
2024-01-03,183.3517608642578,184.97381929292,182.53575116647167,183.32190833232914,58414500
2024-01-04,181.02316284179688,182.19740286158623,179.99818547387906,181.26198308479132,71983600
2024-01-05,180.29672241210938,181.86902157901608,179.29165172771755,181.10278633743064,62303300
2024-01-08,184.65536499023438,184.6951784875532,180.6151605231867,181.20228054123743,59144500
2024-01-09,184.23741149902344,184.24735728099782,181.83915700040632,183.02335798455337,42841800
2024-01-10,185.2823028564453,185.49127057687537,183.02336513916433,183.45127673118873,46792900
2024-01-11,184.68521118164062,186.13810009590225,182.7248140769861,185.63057672110963,49128400
2024-01-12,185.0135955810547,185.82960518169298,184.2871587499394,185.1529124416028,40444700
2024-01-16,182.73477172851562,183.361690026594,180.04792262326768,181.27193705900044,65603000
2024-01-17,181.78939819335938,182.03817940296344,179.42101140332082,180.38628371133655,47317400
2024-01-18,187.71038818359375,188.21789634439324,184.92403582100312,185.182762792007,78005800
2024-01-19,190.62611389160156,191.01421197583775,187.89948151982946,188.4069897270921,68741000
2024-01-22,192.9447479248047,194.37773007418247,191.3226896328841,191.36250312836654,60133900
2024-01-23,194.22845458984375,194.79568302432682,192.8850451968675,194.06924615918857,42355600
2024-01-24,193.55177307128906,195.42261254918643,193.39254945946814,194.4672860626603,53631300
2024-01-25,193.223388671875,195.31315691300077,192.1685587692801,194.26827279243787,54822100
2024-01-26,191.48191833496094,193.8105067973861,191.00426266727368,193.32290534776368,44594000
2024-01-29,190.79527282714844,191.26298269587747,188.65576059016195,191.07390655519137,47145600
2024-01-30,187.12327575683594,190.86495502370778,186.55606247111587,190.00914701951908,55859400
2024-01-31,183.5010223388672,186.18787167030365,183.45127824224116,186.12815142243116,55467800
2024-02-01,185.94903564453125,186.03859323945602,182.9238626911125,183.09303209854838,64885400
2024-02-02,184.94395446777344,186.41673495449575,178.3761245608121,178.9831513103476,102518000
2024-02-05,186.7650146484375,188.32736786854025,184.9339886658605,187.23272451786957,69668800
2024-02-06,188.37713623046875,188.38708201253658,185.8594715869018,185.94902917871246,43490800
2024-02-07,188.48660278320312,190.118606941087,187.69049986083044,189.71060210551596,53439000
2024-02-08,187.4019317626953,188.61597019246477,186.4366593779137,188.46670752859183,40962000
2024-02-09,188.1691436767578,189.30503301755343,187.3222021069975,187.96985257532495,45155200
2024-02-12,186.47525024414062,187.98977434952795,186.11654756664825,187.74067569026312,41781900
2024-02-13,184.37286376953125,185.53865891732192,182.84838113476025,185.10024282819998,56529500
2024-02-14,183.48606872558594,184.8610982078661,181.78224238811126,184.6518638454696,54630500
2024-02-15,183.19712829589844,183.82486181575325,180.69618309757163,182.88824837462906,65434500
2024-02-16,181.6527099609375,184.18356093832674,181.015017979917,182.75870865343296,49701400
2024-02-20,180.9053955078125,181.7722539176,179.3510224128385,181.13456200161647,53665600
2024-02-21,181.66268920898438,182.23062628266825,180.00867035619171,181.28405435734408,41529700
2024-02-22,183.7052764892578,184.29316088677606,181.8021742653834,182.81848586019305,52292200
2024-02-23,181.86195373535156,184.37285727847149,181.57299077597804,184.3429666556088,45119700
2024-02-26,180.50686645507812,182.10108884357552,179.99869543060538,181.5829745492965,40867400
2024-02-27,181.9715576171875,183.25690001064538,178.9126187804792,180.4470750372319,54318900
2024-02-28,180.76593017578125,182.45979817680953,179.48058766314844,181.85199678307725,48953900
2024-02-29,180.0983428955078,181.91178855608587,178.88274013933005,180.61647239906964,136682600
2024-03-01,179.01226806640625,179.87912655443867,176.74048946042234,178.9026640457765,73488000
2024-03-04,174.4687042236328,176.26220237846417,173.16341449891394,175.51490641269265,81510100
2024-03-05,169.50665283203125,171.4197287337638,169.00845550750375,170.14434479927544,95132400
2024-03-06,168.51025390625,170.6226208472031,168.0718378391885,170.44326190896186,68587700
2024-03-07,168.3907012939453,170.1144598371159,167.8825454793763,168.5401544147667,71765100
2024-03-08,170.1144561767578,173.0737495355564,168.33091642363513,168.39069767067738,76114600
2024-03-11,172.12718200683594,173.75131021022753,171.42970876738985,172.31649942978052,60139500
2024-03-12,172.60543823242188,173.40255698056936,170.39344092810595,172.52572483722957,59825400
2024-03-13,170.51303100585938,172.56560166885345,170.14435462584885,172.14711771653415,52488700
2024-03-14,172.3762664794922,173.68154097803347,171.42969464651588,172.28659461404473,72913500
2024-03-15,171.9976348876953,171.9976348876953,169.67603359258842,170.55286572568298,121664700
2024-03-18,173.09368896484375,177.06930930187292,172.89441306506424,174.93702524630143,75604200
2024-03-19,175.44517517089844,175.9732631292534,172.40616838919217,173.71144297319321,55215200
2024-03-20,178.0258331298828,178.0258331298828,174.45873840154812,175.08647190626633,53423100
2024-03-21,170.7521514892578,176.8500972709565,170.22406352502733,176.41168117904223,106181300
2024-03-22,171.65887451171875,172.42610267352754,169.44687710249696,171.14074502028382,71106600
2024-03-25,170.23403930664062,171.32010587263267,168.83907761478048,169.9550500090239,54288300
2024-03-26,169.09814453125,170.80197088667242,168.96860836017046,169.38709229314748,57388400
2024-03-27,172.68516540527344,172.97412838637234,169.4967053620682,169.79562681694486,60273300
2024-03-28,170.8617401123047,171.60903605513778,169.89523614327186,171.13077090878156,65672700
2024-04-01,169.4169921875,170.6325949561908,168.86897205345468,170.5728137058907,46240500
2024-04-02,168.2312774658203,168.72947481572177,167.62347609078947,168.47041766713258,49329500
2024-04-03,169.03834533691406,170.0646306043195,167.97221097339488,168.1814453345995,47691700
2024-04-04,168.21136474609375,171.30017927084614,168.21136474609375,169.67605100414067,53704400
2024-04-05,168.96859741210938,169.77567460225572,168.3408639514289,168.97855588471026,42055200
2024-04-08,167.84268188476562,168.58997789957206,167.6334475147346,168.42059262733576,37425500
2024-04-09,169.0582733154297,169.46679875844995,167.74304032326918,168.09176931793073,42451200
2024-04-10,167.1750946044922,168.48036917466098,166.50751200767976,168.19142141332685,49709300
2024-04-11,174.40892028808594,174.8274194382653,167.55373514215378,167.73307888899373,91070300
2024-04-12,175.91348266601562,177.71695459263955,173.58192277868224,173.63173034934167,101593300
2024-04-15,172.06739807128906,175.993195505436,171.87808065130085,174.72777001691693,73531800
2024-04-16,168.7693328857422,173.13353117115574,167.6633342016507,171.1307833718662,73711200
2024-04-17,167.39430236816406,170.0347421275801,167.39430236816406,168.99849837401,50901200
2024-04-18,166.437744140625,168.0319815519269,165.94952052629202,167.4241802492927,43122900
2024-04-19,164.40512084960938,165.80006730864108,163.48843957599198,165.610765092168,67772100
2024-04-22,165.24209594726562,166.65697461863107,164.17596150778874,164.92325754431266,48116400
2024-04-23,166.2982635498047,166.44773187185876,164.32540636965405,164.75386398167788,49537800
2024-04-24,168.41064453125,168.68963384433354,165.61077772251915,165.93957460997115,48251800
2024-04-25,169.27749633789062,169.9949017439694,167.54376407257087,168.91879363485126,50558300
2024-04-26,168.68960571289062,170.72224396978115,168.57002802452664,169.26751639469646,44838400
2024-04-29,172.8744659423828,175.39534310552878,172.47591417733986,172.74492977704497,68169400
2024-04-30,169.7158966064453,174.35909916149876,169.38708455902474,172.70508045160457,65934800
2024-05-01,168.68960571289062,172.0873148851987,168.5002883097745,168.96859497944865,50383100
2024-05-02,172.4061737060547,172.7947670308616,170.27388965643632,171.8880442050533,94214900
2024-05-03,182.71885681152344,186.32580059963428,182.00145144318,185.97705638865938,163224100
2024-05-06,181.0548858642578,183.5358989126904,179.76952819965473,181.6925778578994,78569700
2024-05-07,181.7423858642578,184.23337259597065,180.66629297548113,182.78860333233249,77305800
2024-05-08,182.08116149902344,182.40997355379537,180.79580390275353,182.19076551728074,45057100
2024-05-09,183.9045867919922,183.99425867082294,181.45344901084354,181.90182360877466,48983000
2024-05-10,182.63743591308594,184.67283136158454,181.7195112814573,184.48325715706596,50759500
2024-05-13,185.86013793945312,186.67829703001243,184.2038757983674,185.0220348889267,72044800
2024-05-14,187.00755310058594,187.87560260141976,185.87012310151908,187.0873746193062,52393600
2024-05-15,189.2924041748047,190.2203008031565,186.9476945906926,187.48648604697289,70400000
2024-05-16,189.41212463378906,190.66929452090585,189.23253763528552,190.04070957734746,52845200
2024-05-17,189.44204711914062,190.3799308889647,188.7535998742954,189.08285791419516,41282900
2024-05-20,190.6094207763672,191.48744227389747,188.58399727816297,188.90328335886426,44361300
2024-05-21,191.91647338867188,192.295606563888,190.48968851208156,190.65930352654095,42309400
2024-05-22,190.4697265625,192.38541249371693,189.84115686495446,191.83664908760778,34648500
2024-05-23,186.45880126953125,190.5695104450197,186.20936473753514,190.54955125962866,51005900
2024-05-24,189.5518035888672,190.15045735054443,187.61617368042806,188.3944296603675,36294600
2024-05-28,189.56178283691406,192.56499305086223,188.6737894364844,191.07834591388357,52280100
2024-05-29,189.86111450195312,191.81670371975596,189.0828736970108,189.18265440509,53068000
2024-05-30,190.85885620117188,191.74684967437963,190.2003553062749,190.33005195445256,49947900
2024-05-31,191.81668090820312,192.13596695656702,189.48195877103,191.00850903182757,75158300
2024-06-03,193.59268188476562,194.55052487571635,192.08609069758458,192.46522387732944,50080500
2024-06-04,193.91195678710938,194.87977170290745,192.59492465346364,194.20129645164835,47471400
2024-06-05,195.42852783203125,196.45620511862302,194.43078171111515,194.95958593724887,54156800
2024-06-06,194.0416717529297,196.05712328824086,193.73237287474004,195.24895132280378,41181800
2024-06-07,196.44622802734375,196.4961183769711,193.7024262662087,194.2112712938544,53103900
2024-06-10,192.68472290039062,196.85530953542744,191.7169079607164,196.45620195884163,97262100
2024-06-11,206.68310546875,206.6930926736998,193.1935887051364,193.21353266624035,172373300
2024-06-12,212.58978271484375,219.7037025197263,206.43367547843766,206.902617394007,198134300
2024-06-13,213.75714111328125,216.2614784743462,211.12309188063193,214.25601418934664,97862700
2024-06-14,212.01107788085938,214.68503016669274,210.8237575657328,213.36801320894725,70122700
2024-06-17,216.18165588378906,218.45651588142053,212.2405616472853,212.88909055319678,93728300
2024-06-18,213.8070068359375,218.13723651623954,212.5199210550432,217.09957203800778,79943300
2024-06-20,209.2073974609375,213.75713252024897,208.3792815854295,213.44781843702847,86172500
2024-06-21,207.02235412597656,211.41243109582913,206.64320571720273,209.91581187096148,246421400
2024-06-24,207.67088317871094,212.22060318958276,206.1243736003879,207.25183162238307,80727000
2024-06-25,208.59878540039062,210.90357646615678,208.13981549353107,208.67859169129048,56713900
2024-06-26,212.7693634033203,214.37573529051122,210.16524538059215,211.0233076661301,66213200
2024-06-27,213.61746215820312,215.25376527623442,211.8714063519454,214.2061287476001,49772700
2024-06-28,210.14527893066406,215.58300736088682,209.8260080950157,215.28368048569334,82542700
2024-07-01,216.261474609375,217.01975619065925,211.4423589537816,211.61197396968475,60402900
2024-07-02,219.77354431152344,219.88329699479613,214.61519864650157,215.66281990345283,58046200
2024-07-03,221.0506591796875,221.0506591796875,218.53633465750286,219.50414962607874,37369800
2024-07-05,225.82984924316406,225.93960192344272,221.15041758535088,221.15041758535088,60412400
2024-07-08,227.30653381347656,227.33646497984205,222.74682662809306,226.57816816685514,59085900
2024-07-09,228.16458129882812,228.8829597417087,225.85979013808537,227.41627168952732,48076100
2024-07-10,232.45489501953125,232.55467572482934,228.73330612276442,228.78319647541346,62627700
2024-07-11,227.05709838867188,231.86622690917008,225.26115227596378,230.86848076037649,64710600
2024-07-12,230.0203857421875,232.11565870158282,228.1645773343909,228.40404188598967,53046500
2024-07-15,233.87168884277344,236.69531224247876,232.5646438368613,235.94700263838575,62631300
2024-07-16,234.29074096679688,235.73746973269033,231.8063477557903,234.47032795283747,43234300
2024-07-17,228.3641357421875,230.93832254659503,226.12917896312734,228.9328431112231,57345900
2024-07-18,223.6747283935547,229.92062914212065,221.7690447852705,229.76098610155705,66034600
2024-07-19,223.80442810058594,226.28882140195597,222.77675082247163,224.31328836166992,49151500
2024-07-22,223.45523071289062,227.26661302541467,222.58718122432802,226.4983442399413,48201800
2024-07-23,224.5028533935547,226.42851135969482,222.1781030613285,223.86429647317826,39960300
2024-07-24,218.0474395751953,224.29334029380243,216.64062905712152,223.49514031921132,61777600
2024-07-25,216.99981689453125,220.35224458682225,214.13627507494223,218.4365585703147,51391200
2024-07-26,217.46875,218.99530033853074,215.52313289555326,218.20707238174316,41601300
2024-07-29,217.7481231689453,218.80573164190093,215.26372979848315,216.47100932714253,36311800
2024-07-30,218.30685424804688,219.8334045947242,215.63288672795753,218.6959746261333,41643800
2024-07-31,221.5794677734375,223.3155515626994,220.13273889458495,220.94091084366266,50036300
2024-08-01,217.8678436279297,223.9740450176905,216.53086747941563,223.86429233538576,62501000
2024-08-02,219.36447143554688,225.09153987705304,217.2193232804361,218.65606496292435,105568600
2024-08-05,208.79833984375,213.0188017705649,195.55824424838744,198.64127617987643,119548600
2024-08-06,206.762939453125,209.51672869129231,200.6168344706096,204.83729660703725,69660500
2024-08-07,209.34710693359375,213.15848935419993,205.9248296826355,206.43367474426563,63516400
2024-08-08,212.8292236328125,213.71721707569145,208.35932525259923,212.6296774525561,47161100
2024-08-09,215.7526397705078,216.29141600978787,211.4922593126285,211.62197118803232,42201600
2024-08-12,217.2909393310547,219.26875909808805,215.36306766380915,215.83255236617862,38028100
2024-08-13,221.02682495117188,221.646138683676,218.76929897291208,218.76929897291208,44155300
2024-08-14,221.47633361816406,222.7848915052682,219.45854930599305,220.3276035510778,41960600
2024-08-15,224.47303771972656,225.10235023777113,222.5151850202656,224.35317447515422,46414000
2024-08-16,225.80157470703125,226.5807162697698,223.40420315535758,223.67391069385005,44340200
2024-08-19,225.64175415039062,225.74165035068273,222.79488010428776,225.4719428035102,40687800
2024-08-20,226.2610626220703,226.92034094772856,225.20222998863,225.52188562847152,30299000
2024-08-21,226.15118408203125,227.7294495174454,224.80267685471037,226.2710625686077,34765500
2024-08-22,224.2832489013672,228.08905941841815,223.65393636981634,227.53966079897057,43695300
2024-08-23,226.5906982421875,227.96918649391685,224.0834622297127,225.41200238324527,38677300
2024-08-26,226.93032836914062,227.03022456881217,223.64395069142014,226.5107917661563,30602200
2024-08-27,227.77938842773438,228.5984945445466,224.64283997153836,225.75162066501636,35934600
2024-08-28,226.2410888671875,229.6073802985885,225.4319662685897,227.6695099550691,38052200
2024-08-29,229.53746032714844,232.66402541964027,228.62847197635801,229.8471324488683,51906300
2024-08-30,228.7483367919922,230.14679214282077,227.23000295250677,229.93703146120657,52990800
2024-09-03,222.52517700195312,228.74832587928796,220.92692932694945,228.29882348382426,50190600
2024-09-04,220.6072998046875,221.53627045160738,217.24099295020864,221.4164072047842,43840200
2024-09-05,222.13560485839844,225.23218875186365,221.2765494057299,221.38642912323468,36615400
2024-09-06,220.57733154296875,224.99247224215048,219.5284824188554,223.7038813850335,48423000
2024-09-09,220.66722106933594,221.0268260349447,216.47183996524672,220.57732363843863,67180000
2024-09-10,219.86810302734375,221.23659254048482,216.49181271910507,218.67940838073807,51591000
2024-09-11,222.41529846191406,222.84481857216005,217.65053646391294,221.21662032032157,44587100
2024-09-12,222.52517700195312,223.30431855196207,219.57842214055833,222.25546946786713,37498200
2024-09-13,222.25547790527344,223.7937787761964,221.66612995902517,223.33429284055268,36766600
2024-09-16,216.082275390625,216.98128020943747,213.6849038037586,216.302019591785,59357400
2024-09-17,216.55174255371094,216.6616222741377,214.26426595466958,215.51289221314667,45519300
2024-09-18,220.4474639892578,222.46524827574677,217.30091669603667,217.31091546092293,59894900
2024-09-19,228.61846923828125,229.56743739121873,224.38313871157,224.74274368478322,66781300
2024-09-20,227.94920349121094,232.83382873595048,227.36983908638868,229.7172625160979,318679900
2024-09-23,226.2211151123047,229.19783588273827,225.56183678133013,227.09015412184934,54146000
2024-09-24,227.1201171875,229.09795215651428,225.48192014495527,228.39870925768025,43556100
2024-09-25,226.1212158203125,227.04020291666632,223.77380760174057,224.6827959331431,42308700
2024-09-26,227.26995849609375,228.24887720276465,225.16227678839184,227.05019905798116,36636700
2024-09-27,227.53965759277344,229.26776733886913,227.05020584581527,228.20893469195548,34026000
2024-09-30,232.7439422607422,232.7439422607422,229.39761768078608,229.78718847660608,54541900
2024-10-01,225.96141052246094,229.3976172900359,223.49412373913023,229.2677705196639,63285000
2024-10-02,226.53077697753906,227.12012493395358,222.77491454853467,225.64175566026316,32880600
2024-10-03,225.42198181152344,226.56072831643584,223.0745736591087,224.8925655126969,34044200
2024-10-04,226.55075073242188,227.74942888869526,223.88368688105714,227.6495326914976,37245100
2024-10-07,221.4463653564453,225.44196936055414,221.08676038639473,224.25327473060864,39505400
2024-10-08,225.52188110351562,225.73164177618557,223.0046463373399,224.05349542674807,31855700
2024-10-09,229.28773498535156,229.49751090746852,224.58291968465133,224.9824739985636,33591100
2024-10-10,228.7882843017578,229.24778548023318,226.9203442604764,227.5296744960524,28183500
2024-10-11,227.2999267578125,229.15788323697032,227.09015084025384,229.04800351672907,31759200
2024-10-14,231.04580688476562,231.47532700331138,228.34877720356226,228.44865815944695,39882100
2024-10-15,233.59300231933594,237.22900130875718,232.11461788171079,233.3532605949055,64751400
2024-10-16,231.5252685546875,231.86489123072647,229.5873982094942,231.34547369396782,34082200
2024-10-17,231.89486694335938,233.59301088010824,230.26666863657624,233.17345903647427,32993800
2024-10-18,234.74172973632812,235.9204255737285,233.75281228137578,235.9204255737285,46431500
2024-10-21,236.22010803222656,236.5897117727769,234.19234018879644,234.19234018879644,36254500
2024-10-22,235.60079956054688,235.96040454410334,232.3443876620224,233.6329632952546,38846600
2024-10-23,230.5063934326172,234.88158476901867,227.50969037853835,233.822752128634,52287000
2024-10-24,230.31661987304688,230.56634513279107,228.15898997077215,229.7272566761152,31109500
2024-10-25,231.1556854248047,232.96369380669327,229.3177112321018,229.4875225740561,38802300
2024-10-28,233.14349365234375,234.472033847566,232.29443692443334,233.06359498314518,36087100
2024-10-29,233.41319274902344,234.07247106119948,232.06468555632105,232.84382710997653,35417200
2024-10-30,229.8471221923828,233.21341362628857,229.29772360355057,232.35435817157438,47070900
2024-10-31,225.66172790527344,229.57741798472995,225.1223128313268,229.08795100904055,64370100
2024-11-01,222.66502380371094,225.10234466312102,220.02792579428782,220.72715344034327,65276700
2024-11-04,221.76600646972656,222.54514803369162,219.46854635353304,220.74713841963055,44944500
2024-11-05,223.2044219970703,223.70387248945224,220.896963160989,221.5562414690178,28111300
2024-11-06,222.47523498535156,225.82155947797517,220.94691765378838,222.36535526416637,54561100
2024-11-07,227.22999572753906,227.629565273657,224.32320539488208,224.38313701629485,42137700
2024-11-08,226.9600067138672,228.66000366210938,226.41000366210938,227.1699981689453,38328800
2024-11-11,224.22999572753906,225.6999969482422,221.5,225.0,42005600
2024-11-12,224.22999572753906,225.58999633789062,223.36000061035156,224.5500030517578,40398300
2024-11-13,225.1199951171875,226.64999389648438,222.75999450683594,224.00999450683594,48566200
2024-11-14,228.22000122070312,228.8699951171875,225.0,225.02000427246094,44923900
2024-11-15,225.0,226.9199981689453,224.27000427246094,226.39999389648438,47923700
2024-11-18,228.02000427246094,229.74000549316406,225.1699981689453,225.25,44686000
2024-11-19,228.27999877929688,230.16000366210938,226.66000366210938,226.97999572753906,36211800
2024-11-20,229.0,229.92999267578125,225.88999938964844,228.05999755859375,35169600
2024-11-21,228.52000427246094,230.16000366210938,225.7100067138672,228.8800048828125,42108300
2024-11-22,229.8699951171875,230.72000122070312,228.05999755859375,228.05999755859375,38168300
2024-11-25,232.8699951171875,233.25,229.74000549316406,231.4600067138672,90152800
2024-11-26,235.05999755859375,235.57000732421875,233.3300018310547,233.3300018310547,45986200
2024-11-27,234.92999267578125,235.69000244140625,233.80999755859375,234.47000122070312,33498400
2024-11-29,237.3300018310547,237.80999755859375,233.97000122070312,234.80999755859375,28481400
2024-12-02,239.58999633789062,240.7899932861328,237.16000366210938,237.27000427246094,48137100
2024-12-03,242.64999389648438,242.75999450683594,238.89999389648438,239.80999755859375,38861000
2024-12-04,243.00999450683594,244.11000061035156,241.25,242.8699951171875,44383900
2024-12-05,243.0399932861328,244.5399932861328,242.1300048828125,243.99000549316406,40033900
2024-12-06,242.83999633789062,244.6300048828125,242.0800018310547,242.91000366210938,36870600
2024-12-09,246.75,247.24000549316406,241.75,241.8300018310547,44649200
2024-12-10,247.77000427246094,248.2100067138672,245.33999633789062,246.88999938964844,36914800
2024-12-11,246.49000549316406,250.8000030517578,246.25999450683594,247.9600067138672,45205800
2024-12-12,247.9600067138672,248.74000549316406,245.67999267578125,246.88999938964844,32777500
2024-12-13,248.1300048828125,249.2899932861328,246.24000549316406,247.82000732421875,33155300
2024-12-16,251.0399932861328,251.3800048828125,247.64999389648438,247.99000549316406,51694800
2024-12-17,253.47999572753906,253.8300018310547,249.77999877929688,250.0800018310547,51356400
2024-12-18,248.0500030517578,254.27999877929688,247.74000549316406,252.16000366210938,56774100
2024-12-19,249.7899932861328,252.0,247.08999633789062,247.5,60882300
2024-12-20,254.49000549316406,255.0,245.69000244140625,248.0399932861328,147495300
2024-12-23,255.27000427246094,255.64999389648438,253.4499969482422,254.77000427246094,40858800
2024-12-24,258.20001220703125,258.2099914550781,255.2899932861328,255.49000549316406,23234700
